store_id,location,product_category,product_name,perishability,inventory_level,optimal_inventory,expiration_date,demand_score
110,Brookline MA,Pantry,Canned Beans,Non-Perishable,258,162,2027-02-04,0.8
107,Lexington MA,Snacks,Crackers,Non-Perishable,76,80,2026-12-10,0.43
102,Cambridge MA,Produce,Apples,Perishable,166,147,2026-04-18,0.79
102,Cambridge MA,Pantry,Canned Beans,Non-Perishable,198,112,2027-02-27,0.4
101,Boston MA,Dairy,Milk,Perishable,113,80,2026-04-16,0.4
108,Medford MA,Snacks,Crackers,Non-Perishable,161,148,2026-07-07,0.62
109,Arlington MA,Pantry,Pasta,Non-Perishable,92,74,2026-10-31,0.74
104,Burlington MA,Pantry,Canned Beans,Non-Perishable,219,167,2027-03-25,0.66
107,Lexington MA,Bakery,Bagels,Perishable,162,110,2026-04-19,0.44
104,Burlington MA,Bakery,Muffins,Perishable,332,191,2026-04-12,0.61
108,Medford MA,Beverages,Smoothies,Perishable,133,149,2026-04-14,0.53
104,Burlington MA,Pantry,Pasta,Non-Perishable,55,67,2026-12-01,0.62
108,Medford MA,Meat,Ground Beef,Perishable,159,109,2026-04-12,0.63
106,Newton MA,Beverages,Juice,Perishable,152,113,2026-04-16,0.42
104,Burlington MA,Bakery,Bread,Perishable,179,103,2026-04-14,0.73
108,Medford MA,Beverages,Smoothies,Perishable,120,107,2026-04-17,0.69
109,Arlington MA,Meat,Ground Beef,Perishable,162,99,2026-04-12,0.7
110,Brookline MA,Pantry,Pasta,Non-Perishable,96,83,2027-01-16,0.73
102,Cambridge MA,Produce,Bananas,Perishable,109,100,2026-04-11,0.41
109,Arlington MA,Snacks,Chips,Non-Perishable,106,68,2026-09-22,0.4
108,Medford MA,Pantry,Canned Beans,Non-Perishable,197,198,2026-10-19,0.83
106,Newton MA,Snacks,Chips,Non-Perishable,159,182,2026-12-26,0.76
103,Somerville MA,Snacks,Chips,Non-Perishable,144,87,2027-04-02,0.65
105,Waltham MA,Bakery,Muffins,Perishable,79,92,2026-04-17,0.77
102,Cambridge MA,Meat,Chicken Breast,Perishable,146,96,2026-04-18,0.55
106,Newton MA,Pantry,Canned Beans,Non-Perishable,119,94,2026-08-18,0.93
110,Brookline MA,Dairy,Cheese,Perishable,296,190,2026-04-17,0.82
110,Brookline MA,Meat,Ground Beef,Perishable,136,162,2026-04-13,0.42
109,Arlington MA,Bakery,Muffins,Perishable,151,111,2026-04-14,0.9
109,Arlington MA,Pantry,Pasta,Non-Perishable,90,88,2026-10-16,0.73
103,Somerville MA,Dairy,Milk,Perishable,243,145,2026-04-19,0.46
104,Burlington MA,Produce,Apples,Perishable,139,87,2026-04-14,0.89
105,Waltham MA,Frozen,Ice Cream,Non-Perishable,150,134,2026-12-26,0.9
102,Cambridge MA,Beverages,Juice,Perishable,193,188,2026-04-19,0.85
105,Waltham MA,Bakery,Bread,Perishable,50,62,2026-04-18,0.69
106,Newton MA,Snacks,Chips,Non-Perishable,123,121,2027-03-12,0.55
106,Newton MA,Meat,Chicken Breast,Perishable,132,118,2026-04-18,0.79
102,Cambridge MA,Snacks,Chips,Non-Perishable,148,172,2026-06-30,0.54
106,Newton MA,Dairy,Yogurt,Perishable,127,98,2026-04-11,0.48
102,Cambridge MA,Beverages,Juice,Perishable,149,140,2026-04-12,0.68
105,Waltham MA,Snacks,Chips,Non-Perishable,94,113,2026-12-19,0.9
109,Arlington MA,Snacks,Crackers,Non-Perishable,174,185,2026-10-28,0.65
102,Cambridge MA,Produce,Spinach,Perishable,111,127,2026-04-18,0.53
105,Waltham MA,Produce,Lettuce,Perishable,113,97,2026-04-14,0.94
102,Cambridge MA,Bakery,Muffins,Perishable,320,198,2026-04-11,0.48
110,Brookline MA,Bakery,Bread,Perishable,192,129,2026-04-13,0.72
104,Burlington MA,Bakery,Muffins,Perishable,195,149,2026-04-13,0.59
106,Newton MA,Bakery,Bread,Perishable,193,111,2026-04-18,0.61
101,Boston MA,Bakery,Bagels,Perishable,230,141,2026-04-19,0.46
109,Arlington MA,Meat,Chicken Breast,Perishable,106,101,2026-04-19,0.68
102,Cambridge MA,Pantry,Canned Beans,Non-Perishable,179,172,2027-03-09,0.93
105,Waltham MA,Frozen,Frozen Pizza,Non-Perishable,161,96,2026-05-18,0.55
107,Lexington MA,Meat,Ground Beef,Perishable,176,107,2026-04-14,0.89
107,Lexington MA,Beverages,Juice,Perishable,302,179,2026-04-14,0.45
108,Medford MA,Produce,Lettuce,Perishable,229,163,2026-04-13,0.6
107,Lexington MA,Beverages,Juice,Perishable,280,158,2026-04-12,0.49
102,Cambridge MA,Meat,Chicken Breast,Perishable,181,141,2026-04-13,0.76
102,Cambridge MA,Meat,Chicken Breast,Perishable,131,127,2026-04-15,0.5
110,Brookline MA,Meat,Chicken Breast,Perishable,288,187,2026-04-13,0.76
106,Newton MA,Snacks,Chips,Non-Perishable,123,92,2026-05-31,0.53
108,Medford MA,Dairy,Milk,Perishable,172,97,2026-04-13,0.89
110,Brookline MA,Bakery,Muffins,Perishable,106,86,2026-04-15,0.68
108,Medford MA,Meat,Ground Beef,Perishable,127,87,2026-04-11,0.51
106,Newton MA,Pantry,Pasta,Non-Perishable,155,120,2026-05-13,0.41
109,Arlington MA,Beverages,Juice,Perishable,91,108,2026-04-15,0.89
106,Newton MA,Dairy,Cheese,Perishable,149,183,2026-04-18,0.58
109,Arlington MA,Snacks,Chips,Non-Perishable,185,105,2026-08-16,0.94
108,Medford MA,Dairy,Yogurt,Perishable,191,175,2026-04-15,0.51
101,Boston MA,Meat,Ground Beef,Perishable,122,126,2026-04-19,0.62
103,Somerville MA,Snacks,Crackers,Non-Perishable,169,113,2026-10-30,0.45
109,Arlington MA,Pantry,Canned Beans,Non-Perishable,133,91,2026-10-07,0.48
110,Brookline MA,Frozen,Ice Cream,Non-Perishable,212,189,2026-08-21,0.78
103,Somerville MA,Pantry,Canned Beans,Non-Perishable,153,102,2026-06-17,0.56
109,Arlington MA,Snacks,Crackers,Non-Perishable,136,85,2026-05-22,0.44
108,Medford MA,Meat,Chicken Breast,Perishable,252,194,2026-04-14,0.76
105,Waltham MA,Meat,Ground Beef,Perishable,198,174,2026-04-12,0.45
103,Somerville MA,Meat,Chicken Breast,Perishable,163,145,2026-04-16,0.72
102,Cambridge MA,Snacks,Chips,Non-Perishable,152,145,2026-10-26,0.85
104,Burlington MA,Bakery,Bread,Perishable,151,113,2026-04-15,0.69
104,Burlington MA,Bakery,Muffins,Perishable,120,112,2026-04-15,0.65
108,Medford MA,Pantry,Canned Beans,Non-Perishable,55,65,2026-06-25,0.78
109,Arlington MA,Bakery,Bagels,Perishable,103,111,2026-04-12,0.68
105,Waltham MA,Beverages,Juice,Perishable,191,179,2026-04-17,0.54
106,Newton MA,Produce,Lettuce,Perishable,155,176,2026-04-19,0.78
104,Burlington MA,Frozen,Frozen Pizza,Non-Perishable,182,188,2026-05-10,0.64
102,Cambridge MA,Beverages,Smoothies,Perishable,209,155,2026-04-19,0.76
107,Lexington MA,Produce,Lettuce,Perishable,253,176,2026-04-17,0.76
110,Brookline MA,Beverages,Juice,Perishable,180,128,2026-04-17,0.43
109,Arlington MA,Beverages,Juice,Perishable,118,145,2026-04-15,0.45
110,Brookline MA,Produce,Spinach,Perishable,253,153,2026-04-14,0.5
109,Arlington MA,Beverages,Juice,Perishable,183,144,2026-04-11,0.66
106,Newton MA,Dairy,Yogurt,Perishable,191,160,2026-04-16,0.75
104,Burlington MA,Meat,Ground Beef,Perishable,98,93,2026-04-13,0.68
110,Brookline MA,Frozen,Frozen Pizza,Non-Perishable,80,60,2026-05-13,0.74
101,Boston MA,Dairy,Yogurt,Perishable,200,139,2026-04-11,0.88
107,Lexington MA,Beverages,Smoothies,Perishable,196,143,2026-04-12,0.72
109,Arlington MA,Frozen,Frozen Pizza,Non-Perishable,115,92,2026-11-04,0.85
110,Brookline MA,Dairy,Cheese,Perishable,84,71,2026-04-11,0.76
110,Brookline MA,Meat,Ground Beef,Perishable,101,102,2026-04-12,0.42
109,Arlington MA,Bakery,Muffins,Perishable,106,94,2026-04-18,0.61
109,Arlington MA,Beverages,Smoothies,Perishable,169,149,2026-04-13,0.56
110,Brookline MA,Dairy,Milk,Perishable,175,117,2026-04-18,0.8
101,Boston MA,Produce,Bananas,Perishable,141,80,2026-04-14,0.5
107,Lexington MA,Beverages,Juice,Perishable,191,158,2026-04-12,0.54
110,Brookline MA,Pantry,Pasta,Non-Perishable,176,155,2026-11-15,0.71
104,Burlington MA,Frozen,Ice Cream,Non-Perishable,87,71,2026-05-22,0.81
107,Lexington MA,Produce,Bananas,Perishable,142,158,2026-04-11,0.69
103,Somerville MA,Frozen,Frozen Pizza,Non-Perishable,232,143,2026-11-12,0.45
105,Waltham MA,Produce,Bananas,Perishable,128,159,2026-04-19,0.87
105,Waltham MA,Bakery,Bread,Perishable,76,68,2026-04-14,0.72
109,Arlington MA,Meat,Chicken Breast,Perishable,150,170,2026-04-15,0.56
108,Medford MA,Meat,Ground Beef,Perishable,113,84,2026-04-15,0.81
109,Arlington MA,Bakery,Bagels,Perishable,105,116,2026-04-15,0.67
109,Arlington MA,Meat,Chicken Breast,Perishable,224,181,2026-04-17,0.7
109,Arlington MA,Dairy,Cheese,Perishable,122,134,2026-04-19,0.82
110,Brookline MA,Dairy,Yogurt,Perishable,80,66,2026-04-18,0.44
106,Newton MA,Snacks,Crackers,Non-Perishable,129,86,2026-05-14,0.68
102,Cambridge MA,Meat,Ground Beef,Perishable,196,142,2026-04-11,0.88
106,Newton MA,Beverages,Smoothies,Perishable,232,130,2026-04-14,0.59
107,Lexington MA,Beverages,Smoothies,Perishable,123,78,2026-04-16,0.79
109,Arlington MA,Pantry,Pasta,Non-Perishable,168,149,2026-09-12,0.67
110,Brookline MA,Beverages,Juice,Perishable,158,185,2026-04-18,0.46
103,Somerville MA,Pantry,Canned Beans,Non-Perishable,253,164,2026-11-15,0.62
103,Somerville MA,Bakery,Bread,Perishable,151,172,2026-04-11,0.52
101,Boston MA,Pantry,Pasta,Non-Perishable,309,193,2026-10-29,0.93
107,Lexington MA,Produce,Bananas,Perishable,134,120,2026-04-16,0.91
104,Burlington MA,Bakery,Bagels,Perishable,69,79,2026-04-19,0.52
101,Boston MA,Dairy,Milk,Perishable,85,60,2026-04-16,0.61
110,Brookline MA,Produce,Apples,Perishable,124,71,2026-04-18,0.62
108,Medford MA,Frozen,Frozen Pizza,Non-Perishable,189,176,2026-10-20,0.66
109,Arlington MA,Snacks,Chips,Non-Perishable,164,119,2026-12-15,0.6
104,Burlington MA,Frozen,Frozen Pizza,Non-Perishable,92,105,2026-07-30,0.63
103,Somerville MA,Produce,Lettuce,Perishable,182,106,2026-04-18,0.88
103,Somerville MA,Bakery,Bread,Perishable,162,168,2026-04-18,0.61
110,Brookline MA,Frozen,Frozen Pizza,Non-Perishable,158,124,2027-01-03,0.48
101,Boston MA,Snacks,Crackers,Non-Perishable,223,144,2026-12-12,0.93
106,Newton MA,Dairy,Cheese,Perishable,117,86,2026-04-11,0.66
102,Cambridge MA,Meat,Ground Beef,Perishable,147,158,2026-04-15,0.43
107,Lexington MA,Meat,Chicken Breast,Perishable,96,65,2026-04-15,0.95
105,Waltham MA,Snacks,Crackers,Non-Perishable,275,161,2026-06-01,0.82
105,Waltham MA,Bakery,Bread,Perishable,148,142,2026-04-19,0.47
108,Medford MA,Meat,Ground Beef,Perishable,118,110,2026-04-14,0.53
110,Brookline MA,Pantry,Pasta,Non-Perishable,267,172,2026-06-12,0.6
104,Burlington MA,Bakery,Bread,Perishable,107,131,2026-04-12,0.66
106,Newton MA,Bakery,Bread,Perishable,81,62,2026-04-11,0.7
107,Lexington MA,Bakery,Bagels,Perishable,170,192,2026-04-19,0.72
106,Newton MA,Frozen,Frozen Pizza,Non-Perishable,129,106,2026-12-24,0.74
104,Burlington MA,Bakery,Bagels,Perishable,200,125,2026-04-17,0.48
105,Waltham MA,Bakery,Muffins,Perishable,136,97,2026-04-12,0.62
109,Arlington MA,Dairy,Milk,Perishable,133,150,2026-04-12,0.59
107,Lexington MA,Meat,Ground Beef,Perishable,165,138,2026-04-17,0.69
103,Somerville MA,Meat,Chicken Breast,Perishable,244,140,2026-04-14,0.65
101,Boston MA,Bakery,Muffins,Perishable,208,133,2026-04-14,0.65
101,Boston MA,Beverages,Juice,Perishable,132,93,2026-04-12,0.58
102,Cambridge MA,Dairy,Milk,Perishable,106,102,2026-04-13,0.7
110,Brookline MA,Bakery,Muffins,Perishable,132,139,2026-04-16,0.78
104,Burlington MA,Beverages,Smoothies,Perishable,187,191,2026-04-18,0.63
105,Waltham MA,Pantry,Canned Beans,Non-Perishable,197,155,2026-08-10,0.94
104,Burlington MA,Frozen,Frozen Pizza,Non-Perishable,119,120,2027-02-10,0.49
101,Boston MA,Snacks,Crackers,Non-Perishable,173,151,2026-05-31,0.45
102,Cambridge MA,Produce,Spinach,Perishable,80,60,2026-04-12,0.47
109,Arlington MA,Dairy,Cheese,Perishable,116,104,2026-04-19,0.66
105,Waltham MA,Meat,Ground Beef,Perishable,192,115,2026-04-11,0.55
109,Arlington MA,Pantry,Pasta,Non-Perishable,53,60,2027-01-17,0.94
102,Cambridge MA,Bakery,Muffins,Perishable,124,106,2026-04-16,0.53
105,Waltham MA,Meat,Ground Beef,Perishable,101,87,2026-04-18,0.8
109,Arlington MA,Dairy,Milk,Perishable,69,73,2026-04-13,0.79
106,Newton MA,Produce,Bananas,Perishable,279,170,2026-04-12,0.65
108,Medford MA,Beverages,Smoothies,Perishable,181,174,2026-04-19,0.81
110,Brookline MA,Dairy,Yogurt,Perishable,71,87,2026-04-19,0.86
108,Medford MA,Frozen,Ice Cream,Non-Perishable,163,145,2027-03-05,0.53
106,Newton MA,Snacks,Crackers,Non-Perishable,100,72,2026-07-16,0.6
107,Lexington MA,Meat,Chicken Breast,Perishable,214,168,2026-04-14,0.7
108,Medford MA,Frozen,Ice Cream,Non-Perishable,126,93,2026-12-31,0.47
109,Arlington MA,Beverages,Smoothies,Perishable,186,160,2026-04-12,0.53
101,Boston MA,Dairy,Cheese,Perishable,210,118,2026-04-15,0.91
110,Brookline MA,Dairy,Milk,Perishable,76,80,2026-04-17,0.67
103,Somerville MA,Dairy,Yogurt,Perishable,150,153,2026-04-18,0.89
109,Arlington MA,Beverages,Juice,Perishable,251,190,2026-04-18,0.78
110,Brookline MA,Beverages,Juice,Perishable,77,65,2026-04-14,0.4
110,Brookline MA,Beverages,Juice,Perishable,187,177,2026-04-18,0.8
110,Brookline MA,Bakery,Bagels,Perishable,209,121,2026-04-18,0.66
107,Lexington MA,Bakery,Muffins,Perishable,103,103,2026-04-16,0.79
107,Lexington MA,Frozen,Frozen Pizza,Non-Perishable,82,79,2026-06-25,0.79
109,Arlington MA,Dairy,Milk,Perishable,109,123,2026-04-14,0.58
104,Burlington MA,Pantry,Canned Beans,Non-Perishable,52,62,2026-11-03,0.65
105,Waltham MA,Beverages,Juice,Perishable,55,64,2026-04-12,0.58
102,Cambridge MA,Snacks,Crackers,Non-Perishable,167,189,2027-03-24,0.77
109,Arlington MA,Frozen,Ice Cream,Non-Perishable,69,76,2026-06-16,0.63
104,Burlington MA,Dairy,Milk,Perishable,138,153,2026-04-15,0.86
106,Newton MA,Snacks,Crackers,Non-Perishable,237,137,2026-09-23,0.51
106,Newton MA,Bakery,Bagels,Perishable,162,94,2026-04-16,0.43
106,Newton MA,Dairy,Milk,Perishable,142,152,2026-04-19,0.81
103,Somerville MA,Pantry,Pasta,Non-Perishable,114,119,2026-12-08,0.5
105,Waltham MA,Beverages,Smoothies,Perishable,208,142,2026-04-14,0.57
105,Waltham MA,Bakery,Muffins,Perishable,120,101,2026-04-18,0.65
102,Cambridge MA,Beverages,Juice,Perishable,191,163,2026-04-13,0.74
110,Brookline MA,Meat,Chicken Breast,Perishable,241,156,2026-04-11,0.53
110,Brookline MA,Bakery,Muffins,Perishable,191,112,2026-04-13,0.7
103,Somerville MA,Bakery,Bagels,Perishable,218,193,2026-04-13,0.58
108,Medford MA,Bakery,Bagels,Perishable,124,74,2026-04-11,0.69
110,Brookline MA,Meat,Ground Beef,Perishable,150,97,2026-04-15,0.83
109,Arlington MA,Beverages,Juice,Perishable,76,92,2026-04-16,0.79
108,Medford MA,Beverages,Smoothies,Perishable,107,64,2026-04-11,0.46
106,Newton MA,Bakery,Bread,Perishable,174,106,2026-04-18,0.73
107,Lexington MA,Produce,Apples,Perishable,118,74,2026-04-15,0.67
108,Medford MA,Beverages,Smoothies,Perishable,193,127,2026-04-12,0.41
102,Cambridge MA,Bakery,Bread,Perishable,259,174,2026-04-14,0.79
108,Medford MA,Bakery,Bread,Perishable,98,86,2026-04-18,0.72
101,Boston MA,Snacks,Crackers,Non-Perishable,103,82,2027-03-07,0.74
102,Cambridge MA,Meat,Chicken Breast,Perishable,212,163,2026-04-19,0.54
104,Burlington MA,Beverages,Smoothies,Perishable,272,163,2026-04-14,0.91
109,Arlington MA,Pantry,Canned Beans,Non-Perishable,330,192,2027-04-02,0.76
108,Medford MA,Frozen,Ice Cream,Non-Perishable,177,151,2026-06-29,0.81
104,Burlington MA,Bakery,Bread,Perishable,162,99,2026-04-17,0.47
110,Brookline MA,Pantry,Pasta,Non-Perishable,285,160,2026-08-27,0.5
106,Newton MA,Meat,Chicken Breast,Perishable,131,116,2026-04-16,0.69
101,Boston MA,Frozen,Frozen Pizza,Non-Perishable,127,112,2027-03-18,0.4
102,Cambridge MA,Produce,Apples,Perishable,112,94,2026-04-19,0.87
109,Arlington MA,Bakery,Bagels,Perishable,111,97,2026-04-12,0.66
108,Medford MA,Pantry,Canned Beans,Non-Perishable,187,150,2027-01-15,0.48
102,Cambridge MA,Snacks,Chips,Non-Perishable,109,84,2026-11-23,0.42
102,Cambridge MA,Beverages,Smoothies,Perishable,121,88,2026-04-16,0.52
108,Medford MA,Pantry,Pasta,Non-Perishable,253,173,2026-08-01,0.65
107,Lexington MA,Pantry,Canned Beans,Non-Perishable,293,177,2026-07-11,0.95
105,Waltham MA,Pantry,Pasta,Non-Perishable,118,108,2026-12-19,0.44
104,Burlington MA,Pantry,Pasta,Non-Perishable,291,182,2027-03-23,0.51
104,Burlington MA,Bakery,Bread,Perishable,125,88,2026-04-18,0.72
104,Burlington MA,Pantry,Canned Beans,Non-Perishable,94,60,2026-10-31,0.69
109,Arlington MA,Produce,Lettuce,Perishable,206,172,2026-04-16,0.82
106,Newton MA,Produce,Apples,Perishable,187,191,2026-04-17,0.92
105,Waltham MA,Produce,Lettuce,Perishable,97,91,2026-04-13,0.75
109,Arlington MA,Pantry,Pasta,Non-Perishable,292,183,2026-07-03,0.49
109,Arlington MA,Meat,Ground Beef,Perishable,283,194,2026-04-11,0.7
108,Medford MA,Dairy,Cheese,Perishable,129,126,2026-04-18,0.46
108,Medford MA,Beverages,Juice,Perishable,212,126,2026-04-18,0.45
107,Lexington MA,Bakery,Muffins,Perishable,277,155,2026-04-18,0.84
109,Arlington MA,Dairy,Cheese,Perishable,193,114,2026-04-17,0.75
105,Waltham MA,Snacks,Crackers,Non-Perishable,119,144,2026-06-14,0.75
106,Newton MA,Beverages,Juice,Perishable,238,141,2026-04-15,0.59
103,Somerville MA,Snacks,Crackers,Non-Perishable,219,189,2026-09-05,0.55
106,Newton MA,Meat,Chicken Breast,Perishable,73,64,2026-04-19,0.64
103,Somerville MA,Beverages,Juice,Perishable,276,158,2026-04-16,0.83
102,Cambridge MA,Bakery,Bread,Perishable,233,140,2026-04-18,0.94
102,Cambridge MA,Beverages,Juice,Perishable,183,187,2026-04-12,0.41
110,Brookline MA,Beverages,Juice,Perishable,112,73,2026-04-12,0.75
101,Boston MA,Bakery,Bread,Perishable,164,162,2026-04-16,0.86
102,Cambridge MA,Bakery,Muffins,Perishable,58,63,2026-04-12,0.55
110,Brookline MA,Snacks,Crackers,Non-Perishable,217,134,2026-09-14,0.46
101,Boston MA,Meat,Ground Beef,Perishable,206,159,2026-04-12,0.7
106,Newton MA,Meat,Chicken Breast,Perishable,275,181,2026-04-15,0.41
103,Somerville MA,Dairy,Cheese,Perishable,146,86,2026-04-16,0.8
107,Lexington MA,Frozen,Ice Cream,Non-Perishable,219,157,2027-03-14,0.5
106,Newton MA,Meat,Chicken Breast,Perishable,221,181,2026-04-12,0.49
101,Boston MA,Meat,Ground Beef,Perishable,163,166,2026-04-15,0.73
109,Arlington MA,Snacks,Crackers,Non-Perishable,73,85,2027-01-31,0.56
109,Arlington MA,Produce,Apples,Perishable,261,172,2026-04-18,0.71
107,Lexington MA,Frozen,Frozen Pizza,Non-Perishable,187,157,2026-10-08,0.92
110,Brookline MA,Beverages,Smoothies,Perishable,164,128,2026-04-14,0.7
108,Medford MA,Snacks,Chips,Non-Perishable,181,140,2026-11-26,0.82
108,Medford MA,Dairy,Milk,Perishable,115,132,2026-04-11,0.63
109,Arlington MA,Meat,Ground Beef,Perishable,178,120,2026-04-19,0.54
110,Brookline MA,Beverages,Juice,Perishable,166,190,2026-04-13,0.55
110,Brookline MA,Bakery,Bread,Perishable,141,157,2026-04-15,0.45
108,Medford MA,Frozen,Ice Cream,Non-Perishable,101,108,2027-04-04,0.78
101,Boston MA,Frozen,Frozen Pizza,Non-Perishable,93,106,2026-07-28,0.88
106,Newton MA,Dairy,Cheese,Perishable,96,67,2026-04-11,0.76
101,Boston MA,Beverages,Smoothies,Perishable,254,177,2026-04-18,0.54
108,Medford MA,Meat,Ground Beef,Perishable,214,148,2026-04-19,0.92
108,Medford MA,Snacks,Chips,Non-Perishable,89,106,2026-05-25,0.91
110,Brookline MA,Dairy,Yogurt,Perishable,116,85,2026-04-17,0.42
101,Boston MA,Meat,Chicken Breast,Perishable,269,176,2026-04-13,0.91
103,Somerville MA,Meat,Chicken Breast,Perishable,205,118,2026-04-12,0.81
110,Brookline MA,Beverages,Juice,Perishable,287,175,2026-04-12,0.69
108,Medford MA,Beverages,Smoothies,Perishable,135,162,2026-04-18,0.53
109,Arlington MA,Pantry,Canned Beans,Non-Perishable,91,104,2027-02-26,0.69
108,Medford MA,Beverages,Juice,Perishable,229,167,2026-04-18,0.7
106,Newton MA,Frozen,Ice Cream,Non-Perishable,222,152,2026-12-05,0.69
102,Cambridge MA,Frozen,Ice Cream,Non-Perishable,172,167,2027-03-16,0.65
101,Boston MA,Frozen,Frozen Pizza,Non-Perishable,76,93,2027-01-11,0.5
102,Cambridge MA,Snacks,Crackers,Non-Perishable,133,77,2026-12-22,0.44
101,Boston MA,Meat,Ground Beef,Perishable,120,105,2026-04-11,0.62
106,Newton MA,Snacks,Chips,Non-Perishable,125,75,2027-01-03,0.62
110,Brookline MA,Beverages,Smoothies,Perishable,214,162,2026-04-11,0.53
104,Burlington MA,Meat,Chicken Breast,Perishable,78,62,2026-04-18,0.56
109,Arlington MA,Frozen,Ice Cream,Non-Perishable,192,127,2027-02-26,0.42
108,Medford MA,Bakery,Bagels,Perishable,120,132,2026-04-19,0.77
103,Somerville MA,Produce,Bananas,Perishable,349,199,2026-04-15,0.83
107,Lexington MA,Frozen,Frozen Pizza,Non-Perishable,222,183,2027-03-24,0.92
104,Burlington MA,Frozen,Ice Cream,Non-Perishable,119,70,2026-12-21,0.49
104,Burlington MA,Produce,Apples,Perishable,96,111,2026-04-18,0.92
110,Brookline MA,Meat,Ground Beef,Perishable,125,122,2026-04-13,0.68
103,Somerville MA,Meat,Ground Beef,Perishable,112,133,2026-04-19,0.52
102,Cambridge MA,Meat,Ground Beef,Perishable,100,62,2026-04-15,0.43
103,Somerville MA,Pantry,Pasta,Non-Perishable,107,106,2026-05-18,0.91
104,Burlington MA,Beverages,Smoothies,Perishable,239,181,2026-04-13,0.82
107,Lexington MA,Beverages,Juice,Perishable,217,121,2026-04-13,0.85
105,Waltham MA,Beverages,Juice,Perishable,73,72,2026-04-19,0.73
108,Medford MA,Beverages,Juice,Perishable,142,160,2026-04-19,0.62
101,Boston MA,Meat,Ground Beef,Perishable,169,182,2026-04-19,0.42
102,Cambridge MA,Produce,Bananas,Perishable,112,135,2026-04-18,0.91
107,Lexington MA,Produce,Spinach,Perishable,175,198,2026-04-18,0.54
102,Cambridge MA,Meat,Chicken Breast,Perishable,102,97,2026-04-15,0.43
102,Cambridge MA,Bakery,Muffins,Perishable,97,96,2026-04-15,0.95
105,Waltham MA,Pantry,Pasta,Non-Perishable,224,173,2026-12-19,0.68
109,Arlington MA,Produce,Spinach,Perishable,282,174,2026-04-18,0.76
104,Burlington MA,Beverages,Smoothies,Perishable,135,99,2026-04-11,0.88
109,Arlington MA,Meat,Chicken Breast,Perishable,202,139,2026-04-11,0.49
101,Boston MA,Dairy,Milk,Perishable,161,107,2026-04-19,0.91
101,Boston MA,Bakery,Muffins,Perishable,225,159,2026-04-16,0.5
110,Brookline MA,Beverages,Juice,Perishable,322,192,2026-04-19,0.42
102,Cambridge MA,Frozen,Frozen Pizza,Non-Perishable,66,82,2026-10-16,0.58
104,Burlington MA,Produce,Bananas,Perishable,94,98,2026-04-14,0.71
101,Boston MA,Pantry,Pasta,Non-Perishable,177,136,2027-02-28,0.51
110,Brookline MA,Dairy,Yogurt,Perishable,102,72,2026-04-11,0.71
103,Somerville MA,Produce,Lettuce,Perishable,172,163,2026-04-18,0.85
110,Brookline MA,Frozen,Ice Cream,Non-Perishable,139,129,2026-07-22,0.64
102,Cambridge MA,Frozen,Ice Cream,Non-Perishable,145,122,2027-04-09,0.91
106,Newton MA,Beverages,Juice,Perishable,140,81,2026-04-14,0.44
108,Medford MA,Dairy,Milk,Perishable,119,76,2026-04-11,0.72
109,Arlington MA,Beverages,Smoothies,Perishable,115,81,2026-04-12,0.88
102,Cambridge MA,Produce,Spinach,Perishable,109,88,2026-04-13,0.73
102,Cambridge MA,Produce,Bananas,Perishable,57,66,2026-04-11,0.58
105,Waltham MA,Bakery,Bread,Perishable,223,138,2026-04-17,0.65
108,Medford MA,Meat,Ground Beef,Perishable,153,88,2026-04-13,0.65
104,Burlington MA,Pantry,Pasta,Non-Perishable,130,98,2027-02-18,0.78
104,Burlington MA,Bakery,Bagels,Perishable,286,175,2026-04-14,0.76
103,Somerville MA,Produce,Lettuce,Perishable,143,86,2026-04-18,0.64
101,Boston MA,Frozen,Frozen Pizza,Non-Perishable,136,80,2026-08-01,0.62
101,Boston MA,Frozen,Frozen Pizza,Non-Perishable,211,190,2026-07-06,0.89
107,Lexington MA,Snacks,Chips,Non-Perishable,114,74,2026-10-19,0.42
106,Newton MA,Meat,Ground Beef,Perishable,127,84,2026-04-12,0.88
105,Waltham MA,Pantry,Pasta,Non-Perishable,152,86,2026-10-01,0.45
103,Somerville MA,Produce,Spinach,Perishable,105,67,2026-04-12,0.82
106,Newton MA,Produce,Bananas,Perishable,303,190,2026-04-15,0.9
101,Boston MA,Pantry,Canned Beans,Non-Perishable,256,181,2026-06-24,0.65
109,Arlington MA,Bakery,Muffins,Perishable,106,76,2026-04-14,0.64
109,Arlington MA,Pantry,Pasta,Non-Perishable,177,122,2026-09-03,0.72
104,Burlington MA,Snacks,Crackers,Non-Perishable,145,131,2026-11-30,0.48
104,Burlington MA,Snacks,Crackers,Non-Perishable,69,80,2027-03-25,0.62
108,Medford MA,Produce,Apples,Perishable,234,154,2026-04-19,0.87
106,Newton MA,Produce,Bananas,Perishable,274,161,2026-04-16,0.81
104,Burlington MA,Snacks,Chips,Non-Perishable,104,100,2026-06-24,0.48
103,Somerville MA,Bakery,Muffins,Perishable,178,139,2026-04-14,0.59
108,Medford MA,Dairy,Cheese,Perishable,205,156,2026-04-11,0.89
109,Arlington MA,Frozen,Ice Cream,Non-Perishable,119,136,2026-08-20,0.47
104,Burlington MA,Dairy,Cheese,Perishable,162,162,2026-04-12,0.85
101,Boston MA,Dairy,Cheese,Perishable,159,165,2026-04-11,0.92
110,Brookline MA,Bakery,Bread,Perishable,180,120,2026-04-16,0.73
101,Boston MA,Produce,Lettuce,Perishable,112,132,2026-04-19,0.79
104,Burlington MA,Produce,Bananas,Perishable,117,67,2026-04-14,0.59
105,Waltham MA,Snacks,Crackers,Non-Perishable,163,186,2026-08-01,0.7
108,Medford MA,Dairy,Yogurt,Perishable,312,193,2026-04-13,0.42
102,Cambridge MA,Snacks,Chips,Non-Perishable,204,165,2026-05-21,0.54
109,Arlington MA,Frozen,Ice Cream,Non-Perishable,140,84,2026-09-08,0.58
102,Cambridge MA,Bakery,Muffins,Perishable,245,159,2026-04-17,0.64
104,Burlington MA,Pantry,Pasta,Non-Perishable,118,91,2026-07-30,0.41
108,Medford MA,Bakery,Bagels,Perishable,172,96,2026-04-19,0.67
105,Waltham MA,Dairy,Yogurt,Perishable,95,94,2026-04-16,0.42
101,Boston MA,Frozen,Frozen Pizza,Non-Perishable,255,156,2027-03-10,0.88
107,Lexington MA,Pantry,Pasta,Non-Perishable,101,83,2026-05-13,0.8
108,Medford MA,Produce,Apples,Perishable,330,185,2026-04-18,0.7
106,Newton MA,Pantry,Canned Beans,Non-Perishable,215,155,2027-01-14,0.8
106,Newton MA,Beverages,Juice,Perishable,174,125,2026-04-14,0.63
105,Waltham MA,Snacks,Chips,Non-Perishable,188,174,2026-09-11,0.52
103,Somerville MA,Meat,Chicken Breast,Perishable,110,77,2026-04-11,0.47
105,Waltham MA,Bakery,Bread,Perishable,80,67,2026-04-17,0.75
101,Boston MA,Snacks,Chips,Non-Perishable,129,73,2027-02-26,0.87
104,Burlington MA,Meat,Ground Beef,Perishable,104,100,2026-04-18,0.72
108,Medford MA,Frozen,Ice Cream,Non-Perishable,199,143,2027-03-31,0.76
110,Brookline MA,Produce,Lettuce,Perishable,261,148,2026-04-12,0.87
107,Lexington MA,Bakery,Muffins,Perishable,72,64,2026-04-18,0.73
106,Newton MA,Meat,Chicken Breast,Perishable,107,104,2026-04-13,0.64
107,Lexington MA,Dairy,Yogurt,Perishable,183,139,2026-04-19,0.64
105,Waltham MA,Pantry,Pasta,Non-Perishable,109,79,2026-05-10,0.54
102,Cambridge MA,Dairy,Cheese,Perishable,171,177,2026-04-19,0.73
108,Medford MA,Meat,Ground Beef,Perishable,177,108,2026-04-18,0.72
107,Lexington MA,Pantry,Pasta,Non-Perishable,194,193,2027-04-08,0.43
101,Boston MA,Frozen,Ice Cream,Non-Perishable,166,96,2027-02-18,0.75
102,Cambridge MA,Produce,Lettuce,Perishable,117,94,2026-04-15,0.45
103,Somerville MA,Bakery,Bread,Perishable,67,71,2026-04-15,0.66
105,Waltham MA,Meat,Chicken Breast,Perishable,83,102,2026-04-19,0.75
106,Newton MA,Meat,Chicken Breast,Perishable,122,98,2026-04-12,0.59
102,Cambridge MA,Dairy,Yogurt,Perishable,91,97,2026-04-14,0.79
106,Newton MA,Snacks,Chips,Non-Perishable,269,183,2026-09-15,0.8
107,Lexington MA,Produce,Lettuce,Perishable,160,155,2026-04-16,0.54
101,Boston MA,Bakery,Muffins,Perishable,202,114,2026-04-12,0.53
108,Medford MA,Beverages,Juice,Perishable,141,85,2026-04-18,0.82
102,Cambridge MA,Dairy,Milk,Perishable,209,131,2026-04-14,0.77
107,Lexington MA,Meat,Ground Beef,Perishable,131,90,2026-04-15,0.77
107,Lexington MA,Dairy,Yogurt,Perishable,148,164,2026-04-12,0.95
104,Burlington MA,Snacks,Chips,Non-Perishable,216,122,2026-10-25,0.95
110,Brookline MA,Dairy,Yogurt,Perishable,113,72,2026-04-19,0.46
103,Somerville MA,Pantry,Pasta,Non-Perishable,189,157,2026-09-18,0.77
102,Cambridge MA,Snacks,Chips,Non-Perishable,236,141,2027-02-12,0.64
108,Medford MA,Produce,Spinach,Perishable,157,134,2026-04-16,0.76
106,Newton MA,Frozen,Frozen Pizza,Non-Perishable,144,124,2026-11-24,0.71
102,Cambridge MA,Snacks,Crackers,Non-Perishable,160,119,2027-03-10,0.7
101,Boston MA,Frozen,Ice Cream,Non-Perishable,96,94,2027-01-31,0.73
101,Boston MA,Produce,Apples,Perishable,243,169,2026-04-12,0.65
110,Brookline MA,Meat,Chicken Breast,Perishable,83,62,2026-04-18,0.69
102,Cambridge MA,Dairy,Cheese,Perishable,284,176,2026-04-19,0.61
109,Arlington MA,Bakery,Muffins,Perishable,147,107,2026-04-14,0.73
103,Somerville MA,Beverages,Juice,Perishable,235,146,2026-04-12,0.79
110,Brookline MA,Pantry,Pasta,Non-Perishable,79,80,2027-03-08,0.44
105,Waltham MA,Produce,Spinach,Perishable,122,84,2026-04-13,0.43
104,Burlington MA,Bakery,Bread,Perishable,102,80,2026-04-13,0.46
102,Cambridge MA,Frozen,Ice Cream,Non-Perishable,260,184,2026-06-30,0.77
110,Brookline MA,Snacks,Crackers,Non-Perishable,129,94,2026-08-23,0.74
107,Lexington MA,Produce,Spinach,Perishable,65,61,2026-04-14,0.85
105,Waltham MA,Bakery,Muffins,Perishable,150,153,2026-04-17,0.69
102,Cambridge MA,Produce,Apples,Perishable,142,130,2026-04-11,0.71
102,Cambridge MA,Beverages,Smoothies,Perishable,173,101,2026-04-14,0.67
110,Brookline MA,Pantry,Pasta,Non-Perishable,106,66,2026-10-28,0.42
107,Lexington MA,Meat,Chicken Breast,Perishable,150,165,2026-04-17,0.75
103,Somerville MA,Dairy,Milk,Perishable,134,80,2026-04-19,0.84
102,Cambridge MA,Bakery,Bread,Perishable,104,74,2026-04-19,0.86
107,Lexington MA,Snacks,Chips,Non-Perishable,205,131,2026-06-27,0.53
102,Cambridge MA,Beverages,Smoothies,Perishable,105,96,2026-04-18,0.85
106,Newton MA,Pantry,Canned Beans,Non-Perishable,175,119,2026-10-02,0.82
101,Boston MA,Meat,Chicken Breast,Perishable,123,128,2026-04-13,0.88
104,Burlington MA,Bakery,Bread,Perishable,237,178,2026-04-16,0.41
102,Cambridge MA,Produce,Bananas,Perishable,72,70,2026-04-19,0.67
106,Newton MA,Produce,Spinach,Perishable,65,61,2026-04-17,0.78
104,Burlington MA,Dairy,Cheese,Perishable,156,126,2026-04-17,0.8
104,Burlington MA,Meat,Ground Beef,Perishable,77,83,2026-04-13,0.73
110,Brookline MA,Snacks,Crackers,Non-Perishable,221,161,2026-10-23,0.82
108,Medford MA,Snacks,Chips,Non-Perishable,84,95,2026-10-20,0.51
104,Burlington MA,Snacks,Crackers,Non-Perishable,227,195,2026-07-18,0.6
110,Brookline MA,Produce,Bananas,Perishable,94,72,2026-04-12,0.77
103,Somerville MA,Dairy,Cheese,Perishable,123,86,2026-04-18,0.88
108,Medford MA,Frozen,Ice Cream,Non-Perishable,161,109,2027-03-05,0.58
106,Newton MA,Pantry,Canned Beans,Non-Perishable,61,62,2026-09-16,0.95
106,Newton MA,Meat,Chicken Breast,Perishable,70,61,2026-04-13,0.8
105,Waltham MA,Dairy,Yogurt,Perishable,100,89,2026-04-16,0.71
102,Cambridge MA,Dairy,Cheese,Perishable,167,95,2026-04-19,0.49
107,Lexington MA,Bakery,Bread,Perishable,147,165,2026-04-19,0.85
110,Brookline MA,Produce,Bananas,Perishable,81,71,2026-04-18,0.84
102,Cambridge MA,Produce,Spinach,Perishable,92,89,2026-04-13,0.48
106,Newton MA,Snacks,Crackers,Non-Perishable,98,64,2027-01-12,0.7
104,Burlington MA,Snacks,Chips,Non-Perishable,264,180,2026-08-01,0.74
107,Lexington MA,Bakery,Bread,Perishable,84,91,2026-04-16,0.49
110,Brookline MA,Frozen,Frozen Pizza,Non-Perishable,104,95,2026-08-31,0.59
102,Cambridge MA,Dairy,Milk,Perishable,145,164,2026-04-19,0.7
103,Somerville MA,Pantry,Pasta,Non-Perishable,217,134,2026-11-15,0.65
102,Cambridge MA,Frozen,Frozen Pizza,Non-Perishable,109,114,2026-09-29,0.95
108,Medford MA,Beverages,Juice,Perishable,190,160,2026-04-11,0.46
110,Brookline MA,Beverages,Juice,Perishable,201,141,2026-04-18,0.69
104,Burlington MA,Snacks,Crackers,Non-Perishable,181,193,2026-05-16,0.57
102,Cambridge MA,Meat,Ground Beef,Perishable,148,132,2026-04-13,0.5
105,Waltham MA,Meat,Ground Beef,Perishable,193,189,2026-04-14,0.72
106,Newton MA,Beverages,Smoothies,Perishable,111,69,2026-04-19,0.66
108,Medford MA,Frozen,Ice Cream,Non-Perishable,158,92,2027-02-03,0.48
107,Lexington MA,Meat,Chicken Breast,Perishable,217,139,2026-04-14,0.68
101,Boston MA,Frozen,Frozen Pizza,Non-Perishable,182,193,2026-09-03,0.47
102,Cambridge MA,Dairy,Yogurt,Perishable,86,84,2026-04-14,0.64
106,Newton MA,Snacks,Crackers,Non-Perishable,196,119,2026-10-16,0.52
109,Arlington MA,Pantry,Pasta,Non-Perishable,274,189,2027-02-20,0.43
110,Brookline MA,Bakery,Bagels,Perishable,69,69,2026-04-12,0.43
102,Cambridge MA,Meat,Ground Beef,Perishable,126,115,2026-04-17,0.53
107,Lexington MA,Beverages,Smoothies,Perishable,138,158,2026-04-13,0.5
109,Arlington MA,Snacks,Chips,Non-Perishable,204,156,2026-08-20,0.53
109,Arlington MA,Meat,Ground Beef,Perishable,226,160,2026-04-14,0.5
106,Newton MA,Snacks,Crackers,Non-Perishable,301,183,2026-11-03,0.47
109,Arlington MA,Bakery,Bread,Perishable,210,175,2026-04-13,0.6
104,Burlington MA,Snacks,Crackers,Non-Perishable,193,151,2026-12-24,0.61
109,Arlington MA,Frozen,Ice Cream,Non-Perishable,155,192,2026-07-10,0.66
104,Burlington MA,Produce,Spinach,Perishable,190,138,2026-04-17,0.48
110,Brookline MA,Pantry,Pasta,Non-Perishable,194,192,2026-12-08,0.86
101,Boston MA,Pantry,Canned Beans,Non-Perishable,121,141,2026-10-16,0.67
106,Newton MA,Beverages,Juice,Perishable,248,198,2026-04-14,0.55
107,Lexington MA,Dairy,Cheese,Perishable,226,176,2026-04-14,0.88
103,Somerville MA,Produce,Apples,Perishable,262,171,2026-04-18,0.85
107,Lexington MA,Frozen,Frozen Pizza,Non-Perishable,160,101,2026-08-30,0.93
106,Newton MA,Frozen,Ice Cream,Non-Perishable,110,76,2026-09-15,0.84
105,Waltham MA,Frozen,Ice Cream,Non-Perishable,112,107,2026-05-19,0.91
103,Somerville MA,Beverages,Smoothies,Perishable,130,80,2026-04-17,0.76
101,Boston MA,Meat,Chicken Breast,Perishable,233,138,2026-04-17,0.69
106,Newton MA,Bakery,Bagels,Perishable,196,128,2026-04-11,0.64
103,Somerville MA,Meat,Chicken Breast,Perishable,56,67,2026-04-19,0.81
101,Boston MA,Produce,Lettuce,Perishable,163,188,2026-04-18,0.46
107,Lexington MA,Snacks,Crackers,Non-Perishable,133,76,2027-02-10,0.61
109,Arlington MA,Meat,Ground Beef,Perishable,302,169,2026-04-14,0.83
101,Boston MA,Beverages,Juice,Perishable,307,194,2026-04-13,0.5
103,Somerville MA,Beverages,Juice,Perishable,86,64,2026-04-16,0.82
103,Somerville MA,Dairy,Milk,Perishable,150,123,2026-04-11,0.56
105,Waltham MA,Bakery,Muffins,Perishable,232,163,2026-04-12,0.77
101,Boston MA,Meat,Chicken Breast,Perishable,113,108,2026-04-14,0.83
110,Brookline MA,Meat,Ground Beef,Perishable,231,181,2026-04-12,0.58
106,Newton MA,Frozen,Frozen Pizza,Non-Perishable,253,199,2027-01-22,0.73
108,Medford MA,Pantry,Canned Beans,Non-Perishable,203,154,2027-02-21,0.76
101,Boston MA,Bakery,Muffins,Perishable,59,70,2026-04-11,0.91
101,Boston MA,Dairy,Yogurt,Perishable,159,118,2026-04-19,0.49
104,Burlington MA,Snacks,Chips,Non-Perishable,117,91,2026-08-30,0.76
105,Waltham MA,Frozen,Frozen Pizza,Non-Perishable,292,181,2026-09-05,0.88
103,Somerville MA,Frozen,Frozen Pizza,Non-Perishable,122,71,2026-05-27,0.75
107,Lexington MA,Beverages,Smoothies,Perishable,303,185,2026-04-18,0.71
103,Somerville MA,Meat,Chicken Breast,Perishable,225,145,2026-04-19,0.92
110,Brookline MA,Snacks,Crackers,Non-Perishable,134,88,2027-01-22,0.47
106,Newton MA,Produce,Bananas,Perishable,151,86,2026-04-13,0.48
107,Lexington MA,Bakery,Bread,Perishable,157,103,2026-04-15,0.72
101,Boston MA,Beverages,Juice,Perishable,68,62,2026-04-13,0.48
105,Waltham MA,Pantry,Pasta,Non-Perishable,148,89,2027-02-14,0.82
103,Somerville MA,Snacks,Chips,Non-Perishable,163,170,2026-11-11,0.41
102,Cambridge MA,Beverages,Smoothies,Perishable,289,188,2026-04-13,0.95
101,Boston MA,Snacks,Chips,Non-Perishable,162,163,2027-03-25,0.84
104,Burlington MA,Beverages,Smoothies,Perishable,106,69,2026-04-17,0.74
104,Burlington MA,Beverages,Smoothies,Perishable,144,125,2026-04-19,0.7
105,Waltham MA,Produce,Apples,Perishable,238,145,2026-04-16,0.86
103,Somerville MA,Beverages,Juice,Perishable,113,73,2026-04-15,0.6
108,Medford MA,Snacks,Crackers,Non-Perishable,208,134,2026-12-18,0.57
106,Newton MA,Pantry,Pasta,Non-Perishable,149,115,2026-11-11,0.6
110,Brookline MA,Beverages,Juice,Perishable,265,184,2026-04-18,0.52
110,Brookline MA,Frozen,Ice Cream,Non-Perishable,140,96,2027-03-15,0.78
102,Cambridge MA,Bakery,Bread,Perishable,93,97,2026-04-19,0.61
105,Waltham MA,Dairy,Milk,Perishable,105,76,2026-04-14,0.68
105,Waltham MA,Pantry,Pasta,Non-Perishable,53,62,2026-11-11,0.71
107,Lexington MA,Dairy,Cheese,Perishable,162,191,2026-04-18,0.77
102,Cambridge MA,Beverages,Juice,Perishable,197,141,2026-04-13,0.67
105,Waltham MA,Dairy,Yogurt,Perishable,160,169,2026-04-18,0.58
101,Boston MA,Frozen,Frozen Pizza,Non-Perishable,158,89,2026-09-03,0.83
106,Newton MA,Frozen,Ice Cream,Non-Perishable,96,78,2026-12-23,0.47
107,Lexington MA,Pantry,Pasta,Non-Perishable,212,172,2026-10-02,0.6
106,Newton MA,Beverages,Juice,Perishable,240,172,2026-04-19,0.91
101,Boston MA,Bakery,Bread,Perishable,101,104,2026-04-16,0.75
103,Somerville MA,Frozen,Ice Cream,Non-Perishable,97,106,2026-11-23,0.95
101,Boston MA,Beverages,Smoothies,Perishable,216,183,2026-04-19,0.92
106,Newton MA,Meat,Ground Beef,Perishable,126,128,2026-04-12,0.49
109,Arlington MA,Produce,Bananas,Perishable,136,166,2026-04-16,0.55
108,Medford MA,Pantry,Canned Beans,Non-Perishable,242,140,2026-06-29,0.92
106,Newton MA,Frozen,Frozen Pizza,Non-Perishable,115,94,2026-07-17,0.86
110,Brookline MA,Bakery,Muffins,Perishable,133,108,2026-04-15,0.79
107,Lexington MA,Frozen,Ice Cream,Non-Perishable,131,149,2026-12-26,0.9
104,Burlington MA,Pantry,Pasta,Non-Perishable,297,188,2026-08-17,0.82
110,Brookline MA,Snacks,Chips,Non-Perishable,110,119,2026-07-05,0.81
103,Somerville MA,Meat,Ground Beef,Perishable,77,95,2026-04-18,0.43
110,Brookline MA,Produce,Lettuce,Perishable,153,145,2026-04-13,0.55
105,Waltham MA,Frozen,Frozen Pizza,Non-Perishable,76,73,2026-11-07,0.64
104,Burlington MA,Meat,Chicken Breast,Perishable,111,129,2026-04-14,0.42
110,Brookline MA,Bakery,Bagels,Perishable,203,143,2026-04-19,0.59
109,Arlington MA,Snacks,Chips,Non-Perishable,58,66,2026-10-16,0.77
101,Boston MA,Meat,Chicken Breast,Perishable,189,179,2026-04-19,0.67
102,Cambridge MA,Beverages,Smoothies,Perishable,84,80,2026-04-13,0.8
105,Waltham MA,Dairy,Cheese,Perishable,136,108,2026-04-19,0.92
106,Newton MA,Snacks,Chips,Non-Perishable,228,199,2026-10-17,0.48
103,Somerville MA,Bakery,Bagels,Perishable,195,186,2026-04-17,0.78
107,Lexington MA,Meat,Chicken Breast,Perishable,121,92,2026-04-12,0.62
101,Boston MA,Dairy,Cheese,Perishable,88,102,2026-04-16,0.7
110,Brookline MA,Dairy,Yogurt,Perishable,138,157,2026-04-16,0.87
107,Lexington MA,Produce,Apples,Perishable,128,133,2026-04-12,0.77
103,Somerville MA,Snacks,Crackers,Non-Perishable,170,116,2026-08-15,0.87
102,Cambridge MA,Frozen,Frozen Pizza,Non-Perishable,285,184,2026-07-24,0.43
105,Waltham MA,Produce,Apples,Perishable,155,97,2026-04-13,0.43
110,Brookline MA,Bakery,Muffins,Perishable,158,122,2026-04-17,0.88
104,Burlington MA,Snacks,Crackers,Non-Perishable,289,186,2026-12-09,0.41
101,Boston MA,Beverages,Juice,Perishable,231,138,2026-04-19,0.71
108,Medford MA,Bakery,Muffins,Perishable,136,87,2026-04-12,0.44
106,Newton MA,Frozen,Frozen Pizza,Non-Perishable,324,190,2026-08-14,0.61
105,Waltham MA,Meat,Chicken Breast,Perishable,76,65,2026-04-17,0.85
110,Brookline MA,Frozen,Ice Cream,Non-Perishable,109,110,2027-02-01,0.69
101,Boston MA,Frozen,Frozen Pizza,Non-Perishable,137,100,2026-08-02,0.57
106,Newton MA,Frozen,Ice Cream,Non-Perishable,234,196,2027-01-02,0.69
109,Arlington MA,Snacks,Crackers,Non-Perishable,126,101,2027-02-01,0.49
102,Cambridge MA,Bakery,Muffins,Perishable,230,139,2026-04-13,0.89
109,Arlington MA,Meat,Chicken Breast,Perishable,296,166,2026-04-11,0.73
105,Waltham MA,Bakery,Muffins,Perishable,113,67,2026-04-15,0.64
104,Burlington MA,Produce,Spinach,Perishable,149,169,2026-04-19,0.84
104,Burlington MA,Pantry,Canned Beans,Non-Perishable,117,105,2026-09-15,0.63
102,Cambridge MA,Dairy,Milk,Perishable,164,178,2026-04-12,0.49
103,Somerville MA,Snacks,Chips,Non-Perishable,286,161,2026-07-07,0.49
102,Cambridge MA,Pantry,Pasta,Non-Perishable,127,86,2026-09-17,0.69
106,Newton MA,Produce,Apples,Perishable,136,84,2026-04-15,0.94
109,Arlington MA,Dairy,Cheese,Perishable,110,68,2026-04-12,0.46
107,Lexington MA,Bakery,Bread,Perishable,132,119,2026-04-12,0.85
110,Brookline MA,Beverages,Juice,Perishable,186,167,2026-04-18,0.67
106,Newton MA,Dairy,Milk,Perishable,319,190,2026-04-15,0.46
101,Boston MA,Dairy,Yogurt,Perishable,106,93,2026-04-12,0.81
109,Arlington MA,Pantry,Canned Beans,Non-Perishable,116,82,2026-10-06,0.81
108,Medford MA,Bakery,Bagels,Perishable,212,167,2026-04-13,0.42
104,Burlington MA,Beverages,Smoothies,Perishable,271,184,2026-04-12,0.57
109,Arlington MA,Pantry,Pasta,Non-Perishable,103,106,2026-11-26,0.76
110,Brookline MA,Dairy,Milk,Perishable,98,60,2026-04-17,0.44
109,Arlington MA,Produce,Spinach,Perishable,188,126,2026-04-19,0.52
105,Waltham MA,Beverages,Juice,Perishable,66,80,2026-04-15,0.62
108,Medford MA,Dairy,Cheese,Perishable,157,98,2026-04-12,0.76
101,Boston MA,Pantry,Pasta,Non-Perishable,283,193,2026-08-08,0.61
106,Newton MA,Snacks,Crackers,Non-Perishable,132,105,2026-08-17,0.61
105,Waltham MA,Produce,Bananas,Perishable,113,94,2026-04-14,0.41
103,Somerville MA,Dairy,Milk,Perishable,121,147,2026-04-16,0.55
101,Boston MA,Frozen,Ice Cream,Non-Perishable,251,142,2027-02-08,0.84
103,Somerville MA,Snacks,Chips,Non-Perishable,184,130,2026-07-21,0.57
108,Medford MA,Beverages,Smoothies,Perishable,237,178,2026-04-13,0.88
109,Arlington MA,Dairy,Cheese,Perishable,269,179,2026-04-14,0.45
107,Lexington MA,Produce,Lettuce,Perishable,75,89,2026-04-11,0.66
103,Somerville MA,Pantry,Pasta,Non-Perishable,240,148,2027-03-14,0.56
104,Burlington MA,Beverages,Smoothies,Perishable,211,137,2026-04-14,0.44
110,Brookline MA,Produce,Bananas,Perishable,112,67,2026-04-16,0.89
101,Boston MA,Meat,Ground Beef,Perishable,265,186,2026-04-11,0.56
106,Newton MA,Dairy,Yogurt,Perishable,98,71,2026-04-12,0.72
107,Lexington MA,Dairy,Milk,Perishable,134,128,2026-04-15,0.73
102,Cambridge MA,Bakery,Bagels,Perishable,287,196,2026-04-11,0.44
103,Somerville MA,Snacks,Crackers,Non-Perishable,102,124,2027-04-06,0.9
110,Brookline MA,Dairy,Cheese,Perishable,99,106,2026-04-13,0.89
110,Brookline MA,Frozen,Ice Cream,Non-Perishable,147,152,2026-05-30,0.75
103,Somerville MA,Frozen,Ice Cream,Non-Perishable,125,79,2026-11-04,0.53
102,Cambridge MA,Bakery,Bread,Perishable,136,151,2026-04-16,0.83
103,Somerville MA,Pantry,Canned Beans,Non-Perishable,182,126,2026-11-19,0.55
106,Newton MA,Beverages,Smoothies,Perishable,231,150,2026-04-11,0.55
109,Arlington MA,Frozen,Ice Cream,Non-Perishable,109,65,2026-12-05,0.6
103,Somerville MA,Produce,Spinach,Perishable,99,71,2026-04-18,0.53
109,Arlington MA,Snacks,Chips,Non-Perishable,292,165,2026-08-10,0.66
104,Burlington MA,Pantry,Pasta,Non-Perishable,157,158,2027-02-24,0.65
103,Somerville MA,Dairy,Yogurt,Perishable,143,143,2026-04-16,0.87
104,Burlington MA,Produce,Apples,Perishable,175,172,2026-04-14,0.46
103,Somerville MA,Dairy,Yogurt,Perishable,188,149,2026-04-15,0.71
106,Newton MA,Dairy,Milk,Perishable,144,121,2026-04-16,0.91
101,Boston MA,Produce,Bananas,Perishable,109,68,2026-04-11,0.74
101,Boston MA,Frozen,Frozen Pizza,Non-Perishable,195,147,2026-07-07,0.68
105,Waltham MA,Pantry,Canned Beans,Non-Perishable,82,100,2026-11-17,0.79
101,Boston MA,Produce,Lettuce,Perishable,184,198,2026-04-11,0.61
104,Burlington MA,Beverages,Juice,Perishable,94,78,2026-04-18,0.77
108,Medford MA,Beverages,Juice,Perishable,236,168,2026-04-11,0.85
109,Arlington MA,Bakery,Bread,Perishable,284,162,2026-04-15,0.4
103,Somerville MA,Snacks,Chips,Non-Perishable,120,150,2026-10-14,0.54
107,Lexington MA,Dairy,Cheese,Perishable,212,143,2026-04-12,0.77
109,Arlington MA,Meat,Ground Beef,Perishable,272,186,2026-04-15,0.47
101,Boston MA,Pantry,Canned Beans,Non-Perishable,243,143,2027-04-06,0.44
103,Somerville MA,Dairy,Cheese,Perishable,174,100,2026-04-19,0.76
106,Newton MA,Bakery,Muffins,Perishable,153,110,2026-04-12,0.48
101,Boston MA,Dairy,Milk,Perishable,171,180,2026-04-13,0.8
110,Brookline MA,Frozen,Ice Cream,Non-Perishable,299,176,2026-10-22,0.86
103,Somerville MA,Produce,Lettuce,Perishable,144,153,2026-04-11,0.78
106,Newton MA,Beverages,Smoothies,Perishable,77,71,2026-04-11,0.45
103,Somerville MA,Bakery,Muffins,Perishable,147,160,2026-04-11,0.52
104,Burlington MA,Produce,Lettuce,Perishable,132,82,2026-04-16,0.87
109,Arlington MA,Bakery,Bread,Perishable,204,166,2026-04-13,0.44
102,Cambridge MA,Bakery,Muffins,Perishable,146,132,2026-04-12,0.61
102,Cambridge MA,Meat,Ground Beef,Perishable,215,138,2026-04-17,0.58
107,Lexington MA,Produce,Bananas,Perishable,86,107,2026-04-19,0.42
107,Lexington MA,Dairy,Milk,Perishable,272,183,2026-04-17,0.68
109,Arlington MA,Meat,Ground Beef,Perishable,62,66,2026-04-18,0.82
107,Lexington MA,Snacks,Chips,Non-Perishable,101,106,2026-10-13,0.68
102,Cambridge MA,Snacks,Chips,Non-Perishable,258,185,2027-02-27,0.87
108,Medford MA,Pantry,Pasta,Non-Perishable,227,195,2026-09-02,0.72
102,Cambridge MA,Bakery,Bread,Perishable,112,124,2026-04-11,0.48
102,Cambridge MA,Meat,Chicken Breast,Perishable,131,128,2026-04-18,0.68
109,Arlington MA,Bakery,Muffins,Perishable,125,134,2026-04-16,0.91
106,Newton MA,Produce,Lettuce,Perishable,90,110,2026-04-15,0.56
110,Brookline MA,Frozen,Ice Cream,Non-Perishable,165,181,2026-10-26,0.61
106,Newton MA,Produce,Apples,Perishable,158,94,2026-04-14,0.95
110,Brookline MA,Pantry,Pasta,Non-Perishable,152,172,2026-07-07,0.93
109,Arlington MA,Bakery,Muffins,Perishable,297,168,2026-04-16,0.7
101,Boston MA,Meat,Ground Beef,Perishable,143,108,2026-04-16,0.54
103,Somerville MA,Bakery,Bagels,Perishable,181,146,2026-04-12,0.54
101,Boston MA,Snacks,Crackers,Non-Perishable,107,110,2026-05-30,0.93
109,Arlington MA,Produce,Apples,Perishable,217,162,2026-04-11,0.72
106,Newton MA,Snacks,Chips,Non-Perishable,149,83,2026-08-28,0.85
103,Somerville MA,Dairy,Yogurt,Perishable,116,76,2026-04-12,0.74
108,Medford MA,Frozen,Frozen Pizza,Non-Perishable,78,78,2026-05-17,0.42
103,Somerville MA,Pantry,Canned Beans,Non-Perishable,214,160,2026-10-03,0.47
102,Cambridge MA,Meat,Ground Beef,Perishable,256,150,2026-04-16,0.69
103,Somerville MA,Meat,Chicken Breast,Perishable,166,199,2026-04-16,0.83
101,Boston MA,Dairy,Milk,Perishable,102,64,2026-04-14,0.66
103,Somerville MA,Bakery,Muffins,Perishable,125,71,2026-04-13,0.65
105,Waltham MA,Snacks,Crackers,Non-Perishable,95,107,2027-03-13,0.87
103,Somerville MA,Meat,Chicken Breast,Perishable,212,161,2026-04-18,0.64
102,Cambridge MA,Pantry,Canned Beans,Non-Perishable,175,141,2026-10-31,0.82
110,Brookline MA,Pantry,Canned Beans,Non-Perishable,101,63,2026-10-19,0.51
108,Medford MA,Dairy,Yogurt,Perishable,113,132,2026-04-11,0.75
105,Waltham MA,Produce,Bananas,Perishable,161,155,2026-04-16,0.54
101,Boston MA,Bakery,Bagels,Perishable,167,128,2026-04-17,0.41
107,Lexington MA,Bakery,Muffins,Perishable,120,81,2026-04-13,0.78
109,Arlington MA,Beverages,Smoothies,Perishable,144,101,2026-04-15,0.6
101,Boston MA,Produce,Spinach,Perishable,95,94,2026-04-19,0.84
101,Boston MA,Snacks,Chips,Non-Perishable,78,78,2027-02-15,0.86
105,Waltham MA,Dairy,Cheese,Perishable,104,130,2026-04-13,0.81
107,Lexington MA,Meat,Chicken Breast,Perishable,120,84,2026-04-15,0.4
106,Newton MA,Beverages,Smoothies,Perishable,305,195,2026-04-19,0.82
102,Cambridge MA,Dairy,Cheese,Perishable,132,94,2026-04-18,0.62
103,Somerville MA,Produce,Lettuce,Perishable,81,93,2026-04-14,0.62
107,Lexington MA,Beverages,Juice,Perishable,178,161,2026-04-18,0.46
103,Somerville MA,Produce,Spinach,Perishable,74,93,2026-04-13,0.69
102,Cambridge MA,Beverages,Smoothies,Perishable,111,75,2026-04-11,0.68
105,Waltham MA,Beverages,Juice,Perishable,275,183,2026-04-12,0.44
110,Brookline MA,Meat,Ground Beef,Perishable,105,72,2026-04-12,0.55
106,Newton MA,Pantry,Canned Beans,Non-Perishable,213,195,2026-09-06,0.62
107,Lexington MA,Pantry,Pasta,Non-Perishable,70,86,2026-12-26,0.66
108,Medford MA,Beverages,Smoothies,Perishable,167,124,2026-04-15,0.42
105,Waltham MA,Produce,Apples,Perishable,136,112,2026-04-19,0.47
106,Newton MA,Produce,Spinach,Perishable,212,140,2026-04-14,0.74
103,Somerville MA,Snacks,Chips,Non-Perishable,159,111,2026-05-23,0.65
101,Boston MA,Beverages,Smoothies,Perishable,274,169,2026-04-18,0.56
106,Newton MA,Produce,Apples,Perishable,117,89,2026-04-17,0.8
103,Somerville MA,Bakery,Bagels,Perishable,92,71,2026-04-12,0.47
108,Medford MA,Pantry,Canned Beans,Non-Perishable,238,157,2026-11-29,0.62
110,Brookline MA,Dairy,Milk,Perishable,128,152,2026-04-16,0.79
108,Medford MA,Meat,Ground Beef,Perishable,201,146,2026-04-18,0.4
110,Brookline MA,Snacks,Chips,Non-Perishable,222,128,2027-03-25,0.57
106,Newton MA,Meat,Ground Beef,Perishable,322,198,2026-04-13,0.71
105,Waltham MA,Beverages,Juice,Perishable,271,159,2026-04-13,0.64
108,Medford MA,Pantry,Pasta,Non-Perishable,296,171,2026-11-04,0.45
107,Lexington MA,Beverages,Smoothies,Perishable,170,119,2026-04-18,0.77
103,Somerville MA,Produce,Bananas,Perishable,86,82,2026-04-15,0.93
110,Brookline MA,Beverages,Juice,Perishable,155,167,2026-04-14,0.79
106,Newton MA,Bakery,Bagels,Perishable,163,153,2026-04-14,0.83
101,Boston MA,Frozen,Ice Cream,Non-Perishable,358,199,2026-08-18,0.67
109,Arlington MA,Meat,Ground Beef,Perishable,210,162,2026-04-19,0.66
109,Arlington MA,Dairy,Yogurt,Perishable,139,164,2026-04-19,0.5
109,Arlington MA,Pantry,Canned Beans,Non-Perishable,262,159,2026-05-25,0.6
104,Burlington MA,Snacks,Crackers,Non-Perishable,189,113,2026-08-17,0.77
105,Waltham MA,Beverages,Smoothies,Perishable,183,196,2026-04-17,0.47
103,Somerville MA,Bakery,Muffins,Perishable,69,62,2026-04-15,0.78
109,Arlington MA,Pantry,Canned Beans,Non-Perishable,112,113,2026-05-30,0.56
110,Brookline MA,Produce,Bananas,Perishable,61,72,2026-04-16,0.83
103,Somerville MA,Meat,Chicken Breast,Perishable,119,112,2026-04-15,0.78
108,Medford MA,Pantry,Pasta,Non-Perishable,84,72,2027-02-13,0.86
108,Medford MA,Pantry,Pasta,Non-Perishable,129,140,2026-09-24,0.42
106,Newton MA,Bakery,Bread,Perishable,228,190,2026-04-11,0.9
101,Boston MA,Meat,Ground Beef,Perishable,141,175,2026-04-19,0.93
108,Medford MA,Meat,Chicken Breast,Perishable,220,149,2026-04-14,0.65
110,Brookline MA,Dairy,Cheese,Perishable,117,75,2026-04-18,0.47
105,Waltham MA,Dairy,Milk,Perishable,118,86,2026-04-19,0.47
103,Somerville MA,Snacks,Crackers,Non-Perishable,238,193,2026-12-19,0.56
105,Waltham MA,Beverages,Smoothies,Perishable,141,92,2026-04-17,0.59
108,Medford MA,Frozen,Frozen Pizza,Non-Perishable,253,185,2026-12-03,0.56
104,Burlington MA,Meat,Ground Beef,Perishable,325,194,2026-04-13,0.41
102,Cambridge MA,Snacks,Chips,Non-Perishable,218,134,2026-12-12,0.56
102,Cambridge MA,Produce,Bananas,Perishable,124,104,2026-04-14,0.89
110,Brookline MA,Meat,Chicken Breast,Perishable,220,157,2026-04-17,0.77
110,Brookline MA,Pantry,Canned Beans,Non-Perishable,110,63,2026-09-05,0.83
107,Lexington MA,Snacks,Chips,Non-Perishable,224,155,2027-04-05,0.93
108,Medford MA,Pantry,Canned Beans,Non-Perishable,137,87,2026-05-26,0.52
101,Boston MA,Frozen,Frozen Pizza,Non-Perishable,279,165,2026-06-03,0.83
106,Newton MA,Frozen,Ice Cream,Non-Perishable,111,104,2026-11-06,0.69
106,Newton MA,Produce,Lettuce,Perishable,150,127,2026-04-11,0.59
104,Burlington MA,Bakery,Muffins,Perishable,126,111,2026-04-16,0.66
108,Medford MA,Dairy,Cheese,Perishable,91,106,2026-04-12,0.78
107,Lexington MA,Meat,Chicken Breast,Perishable,139,173,2026-04-14,0.53
106,Newton MA,Pantry,Pasta,Non-Perishable,137,113,2026-12-21,0.53
101,Boston MA,Beverages,Juice,Perishable,209,120,2026-04-15,0.74
106,Newton MA,Dairy,Yogurt,Perishable,194,121,2026-04-12,0.7
101,Boston MA,Snacks,Crackers,Non-Perishable,129,105,2026-12-17,0.71
107,Lexington MA,Produce,Spinach,Perishable,80,65,2026-04-11,0.48
103,Somerville MA,Bakery,Bread,Perishable,213,134,2026-04-16,0.46
103,Somerville MA,Bakery,Bagels,Perishable,222,127,2026-04-18,0.79
109,Arlington MA,Produce,Apples,Perishable,197,149,2026-04-15,0.64
110,Brookline MA,Snacks,Crackers,Non-Perishable,76,78,2026-10-10,0.41
102,Cambridge MA,Pantry,Pasta,Non-Perishable,265,167,2026-07-07,0.6
108,Medford MA,Meat,Chicken Breast,Perishable,133,76,2026-04-15,0.92
104,Burlington MA,Frozen,Ice Cream,Non-Perishable,64,67,2026-05-17,0.83
110,Brookline MA,Beverages,Juice,Perishable,220,153,2026-04-17,0.83
104,Burlington MA,Bakery,Bread,Perishable,195,143,2026-04-16,0.87
105,Waltham MA,Bakery,Muffins,Perishable,83,103,2026-04-14,0.6
102,Cambridge MA,Meat,Ground Beef,Perishable,268,163,2026-04-18,0.84
108,Medford MA,Frozen,Ice Cream,Non-Perishable,99,81,2026-09-27,0.4
108,Medford MA,Frozen,Ice Cream,Non-Perishable,64,68,2027-01-11,0.91
102,Cambridge MA,Bakery,Muffins,Perishable,158,188,2026-04-17,0.6
104,Burlington MA,Beverages,Smoothies,Perishable,146,176,2026-04-13,0.92
110,Brookline MA,Produce,Lettuce,Perishable,161,150,2026-04-11,0.83
104,Burlington MA,Frozen,Frozen Pizza,Non-Perishable,207,175,2026-11-06,0.6
106,Newton MA,Snacks,Crackers,Non-Perishable,209,127,2027-01-21,0.51
101,Boston MA,Bakery,Bread,Perishable,298,168,2026-04-17,0.68
103,Somerville MA,Pantry,Canned Beans,Non-Perishable,83,100,2026-11-18,0.5
105,Waltham MA,Frozen,Frozen Pizza,Non-Perishable,232,157,2026-12-16,0.64
110,Brookline MA,Frozen,Ice Cream,Non-Perishable,269,198,2026-10-05,0.68
107,Lexington MA,Produce,Spinach,Perishable,139,85,2026-04-17,0.89
109,Arlington MA,Pantry,Pasta,Non-Perishable,213,130,2026-09-19,0.63
101,Boston MA,Dairy,Cheese,Perishable,310,191,2026-04-14,0.67
103,Somerville MA,Meat,Chicken Breast,Perishable,175,175,2026-04-18,0.5
103,Somerville MA,Beverages,Juice,Perishable,283,171,2026-04-19,0.6
110,Brookline MA,Produce,Spinach,Perishable,315,181,2026-04-15,0.65
109,Arlington MA,Beverages,Smoothies,Perishable,273,170,2026-04-18,0.43
107,Lexington MA,Frozen,Frozen Pizza,Non-Perishable,95,83,2026-05-13,0.48
109,Arlington MA,Produce,Bananas,Perishable,214,175,2026-04-15,0.62
102,Cambridge MA,Beverages,Juice,Perishable,161,121,2026-04-19,0.43
102,Cambridge MA,Bakery,Bagels,Perishable,110,129,2026-04-18,0.52
105,Waltham MA,Bakery,Muffins,Perishable,158,144,2026-04-13,0.89
110,Brookline MA,Snacks,Crackers,Non-Perishable,221,145,2027-04-06,0.52
108,Medford MA,Produce,Lettuce,Perishable,205,146,2026-04-15,0.79
101,Boston MA,Bakery,Bread,Perishable,210,185,2026-04-16,0.62
105,Waltham MA,Meat,Chicken Breast,Perishable,116,75,2026-04-15,0.7
102,Cambridge MA,Dairy,Milk,Perishable,65,75,2026-04-12,0.83
103,Somerville MA,Dairy,Yogurt,Perishable,72,68,2026-04-16,0.55
110,Brookline MA,Pantry,Canned Beans,Non-Perishable,222,127,2026-08-28,0.79
108,Medford MA,Snacks,Crackers,Non-Perishable,144,160,2027-03-26,0.79
109,Arlington MA,Dairy,Cheese,Perishable,128,110,2026-04-19,0.65
108,Medford MA,Meat,Chicken Breast,Perishable,159,163,2026-04-17,0.65
105,Waltham MA,Pantry,Canned Beans,Non-Perishable,55,60,2026-10-23,0.87
102,Cambridge MA,Bakery,Bagels,Perishable,124,116,2026-04-19,0.51
108,Medford MA,Dairy,Cheese,Perishable,146,129,2026-04-14,0.49
101,Boston MA,Snacks,Crackers,Non-Perishable,210,140,2026-07-24,0.77
106,Newton MA,Bakery,Bread,Perishable,293,168,2026-04-11,0.57
104,Burlington MA,Meat,Chicken Breast,Perishable,96,74,2026-04-14,0.61
106,Newton MA,Meat,Ground Beef,Perishable,224,142,2026-04-13,0.41
105,Waltham MA,Meat,Chicken Breast,Perishable,165,117,2026-04-12,0.64
106,Newton MA,Bakery,Bagels,Perishable,259,191,2026-04-13,0.79
102,Cambridge MA,Snacks,Chips,Non-Perishable,174,142,2027-02-16,0.67
109,Arlington MA,Frozen,Frozen Pizza,Non-Perishable,126,72,2026-10-03,0.62
105,Waltham MA,Bakery,Bagels,Perishable,305,182,2026-04-19,0.49
101,Boston MA,Snacks,Chips,Non-Perishable,101,61,2027-03-18,0.84
103,Somerville MA,Beverages,Smoothies,Perishable,73,66,2026-04-17,0.71
106,Newton MA,Snacks,Crackers,Non-Perishable,133,75,2026-11-04,0.41
104,Burlington MA,Meat,Chicken Breast,Perishable,111,131,2026-04-11,0.41
106,Newton MA,Beverages,Smoothies,Perishable,123,112,2026-04-11,0.91
104,Burlington MA,Dairy,Milk,Perishable,98,64,2026-04-15,0.44
107,Lexington MA,Dairy,Milk,Perishable,136,118,2026-04-12,0.64
102,Cambridge MA,Bakery,Muffins,Perishable,115,78,2026-04-12,0.51
102,Cambridge MA,Pantry,Canned Beans,Non-Perishable,132,92,2026-11-07,0.8
108,Medford MA,Snacks,Chips,Non-Perishable,115,73,2026-09-14,0.81
103,Somerville MA,Snacks,Chips,Non-Perishable,99,88,2027-03-24,0.64
109,Arlington MA,Produce,Bananas,Perishable,94,116,2026-04-11,0.46
108,Medford MA,Produce,Lettuce,Perishable,106,117,2026-04-19,0.81
104,Burlington MA,Dairy,Yogurt,Perishable,138,130,2026-04-12,0.67
106,Newton MA,Produce,Bananas,Perishable,66,61,2026-04-16,0.93
110,Brookline MA,Beverages,Juice,Perishable,95,98,2026-04-16,0.44
110,Brookline MA,Dairy,Yogurt,Perishable,89,100,2026-04-13,0.74
110,Brookline MA,Snacks,Crackers,Non-Perishable,230,170,2027-03-14,0.41
110,Brookline MA,Bakery,Bread,Perishable,147,126,2026-04-19,0.79
108,Medford MA,Frozen,Ice Cream,Non-Perishable,148,107,2026-08-17,0.54
108,Medford MA,Bakery,Bread,Perishable,101,61,2026-04-11,0.46
101,Boston MA,Frozen,Frozen Pizza,Non-Perishable,97,69,2027-03-20,0.81
102,Cambridge MA,Pantry,Canned Beans,Non-Perishable,86,107,2027-01-12,0.72
101,Boston MA,Beverages,Smoothies,Perishable,184,157,2026-04-11,0.41
106,Newton MA,Dairy,Milk,Perishable,220,127,2026-04-19,0.65
104,Burlington MA,Beverages,Juice,Perishable,191,188,2026-04-19,0.86
108,Medford MA,Snacks,Chips,Non-Perishable,254,165,2027-01-26,0.94
108,Medford MA,Dairy,Yogurt,Perishable,107,133,2026-04-16,0.58
103,Somerville MA,Frozen,Frozen Pizza,Non-Perishable,246,144,2027-02-04,0.85
105,Waltham MA,Dairy,Milk,Perishable,277,182,2026-04-13,0.72
106,Newton MA,Frozen,Frozen Pizza,Non-Perishable,102,76,2026-06-19,0.53
103,Somerville MA,Produce,Spinach,Perishable,97,98,2026-04-17,0.43
109,Arlington MA,Beverages,Smoothies,Perishable,87,106,2026-04-11,0.52
106,Newton MA,Meat,Ground Beef,Perishable,112,128,2026-04-12,0.43
105,Waltham MA,Bakery,Muffins,Perishable,146,120,2026-04-11,0.77
110,Brookline MA,Meat,Ground Beef,Perishable,165,141,2026-04-17,0.86
104,Burlington MA,Bakery,Bread,Perishable,114,97,2026-04-14,0.91
109,Arlington MA,Snacks,Crackers,Non-Perishable,215,136,2027-03-26,0.54
110,Brookline MA,Dairy,Cheese,Perishable,198,150,2026-04-13,0.82
102,Cambridge MA,Pantry,Canned Beans,Non-Perishable,132,132,2026-08-24,0.7
108,Medford MA,Meat,Chicken Breast,Perishable,286,172,2026-04-11,0.89
108,Medford MA,Beverages,Juice,Perishable,163,196,2026-04-15,0.63
104,Burlington MA,Meat,Ground Beef,Perishable,122,117,2026-04-16,0.64
101,Boston MA,Pantry,Pasta,Non-Perishable,250,173,2026-06-15,0.83
106,Newton MA,Produce,Spinach,Perishable,125,77,2026-04-16,0.83
104,Burlington MA,Snacks,Crackers,Non-Perishable,87,63,2026-09-21,0.43
109,Arlington MA,Produce,Bananas,Perishable,93,113,2026-04-11,0.82
106,Newton MA,Frozen,Frozen Pizza,Non-Perishable,190,180,2026-06-16,0.46
107,Lexington MA,Meat,Ground Beef,Perishable,304,192,2026-04-15,0.81
103,Somerville MA,Snacks,Crackers,Non-Perishable,273,168,2026-07-31,0.46
108,Medford MA,Bakery,Bagels,Perishable,103,128,2026-04-18,0.7
103,Somerville MA,Bakery,Muffins,Perishable,123,80,2026-04-14,0.88
103,Somerville MA,Snacks,Crackers,Non-Perishable,115,114,2026-07-03,0.92
109,Arlington MA,Beverages,Smoothies,Perishable,136,95,2026-04-11,0.68
103,Somerville MA,Pantry,Pasta,Non-Perishable,101,98,2026-12-08,0.9
102,Cambridge MA,Snacks,Chips,Non-Perishable,87,65,2026-06-13,0.59
101,Boston MA,Dairy,Yogurt,Perishable,282,177,2026-04-17,0.86
107,Lexington MA,Meat,Ground Beef,Perishable,94,116,2026-04-19,0.49
105,Waltham MA,Pantry,Canned Beans,Non-Perishable,142,146,2026-06-24,0.61
101,Boston MA,Pantry,Canned Beans,Non-Perishable,156,171,2027-01-11,0.4
102,Cambridge MA,Beverages,Smoothies,Perishable,306,193,2026-04-16,0.7
106,Newton MA,Beverages,Smoothies,Perishable,178,185,2026-04-13,0.53
105,Waltham MA,Snacks,Crackers,Non-Perishable,282,197,2026-09-01,0.52
103,Somerville MA,Snacks,Chips,Non-Perishable,96,87,2026-10-23,0.43
103,Somerville MA,Beverages,Smoothies,Perishable,192,186,2026-04-18,0.74
107,Lexington MA,Bakery,Bagels,Perishable,238,196,2026-04-11,0.7
103,Somerville MA,Pantry,Canned Beans,Non-Perishable,161,133,2026-09-27,0.88
105,Waltham MA,Snacks,Crackers,Non-Perishable,202,152,2026-11-30,0.78
110,Brookline MA,Frozen,Ice Cream,Non-Perishable,213,123,2027-02-28,0.48
109,Arlington MA,Pantry,Pasta,Non-Perishable,111,85,2027-02-02,0.62
108,Medford MA,Meat,Ground Beef,Perishable,159,108,2026-04-11,0.92
110,Brookline MA,Produce,Spinach,Perishable,192,121,2026-04-19,0.77
103,Somerville MA,Pantry,Canned Beans,Non-Perishable,258,190,2026-09-03,0.52
104,Burlington MA,Snacks,Chips,Non-Perishable,89,85,2026-06-03,0.8
109,Arlington MA,Beverages,Juice,Perishable,176,132,2026-04-11,0.66
101,Boston MA,Snacks,Crackers,Non-Perishable,238,145,2026-09-04,0.84
104,Burlington MA,Meat,Chicken Breast,Perishable,230,142,2026-04-19,0.89
107,Lexington MA,Bakery,Muffins,Perishable,154,190,2026-04-19,0.84
102,Cambridge MA,Beverages,Smoothies,Perishable,187,187,2026-04-18,0.88
105,Waltham MA,Snacks,Chips,Non-Perishable,288,163,2026-12-15,0.7
102,Cambridge MA,Snacks,Chips,Non-Perishable,94,108,2027-03-27,0.68
101,Boston MA,Beverages,Smoothies,Perishable,142,138,2026-04-13,0.52
106,Newton MA,Beverages,Smoothies,Perishable,173,123,2026-04-17,0.6
108,Medford MA,Pantry,Pasta,Non-Perishable,181,119,2026-09-08,0.59
109,Arlington MA,Meat,Chicken Breast,Perishable,125,155,2026-04-12,0.76
105,Waltham MA,Frozen,Frozen Pizza,Non-Perishable,126,108,2026-10-15,0.84
110,Brookline MA,Bakery,Muffins,Perishable,108,120,2026-04-19,0.72
108,Medford MA,Pantry,Pasta,Non-Perishable,185,117,2027-03-23,0.84
110,Brookline MA,Frozen,Ice Cream,Non-Perishable,182,117,2026-12-06,0.74
101,Boston MA,Frozen,Ice Cream,Non-Perishable,104,88,2026-08-09,0.51
101,Boston MA,Bakery,Bread,Perishable,299,193,2026-04-11,0.54
110,Brookline MA,Dairy,Cheese,Perishable,234,190,2026-04-14,0.87
110,Brookline MA,Pantry,Pasta,Non-Perishable,115,121,2026-10-26,0.63
105,Waltham MA,Dairy,Yogurt,Perishable,74,70,2026-04-18,0.72
106,Newton MA,Beverages,Juice,Perishable,120,116,2026-04-12,0.63
102,Cambridge MA,Pantry,Pasta,Non-Perishable,257,197,2026-12-02,0.71
108,Medford MA,Snacks,Chips,Non-Perishable,56,61,2027-02-12,0.76
102,Cambridge MA,Dairy,Yogurt,Perishable,184,172,2026-04-16,0.69
104,Burlington MA,Bakery,Bread,Perishable,134,120,2026-04-15,0.78
104,Burlington MA,Snacks,Crackers,Non-Perishable,104,72,2027-02-11,0.43
107,Lexington MA,Frozen,Frozen Pizza,Non-Perishable,240,191,2027-03-31,0.83
107,Lexington MA,Snacks,Chips,Non-Perishable,247,160,2026-10-17,0.64
104,Burlington MA,Pantry,Canned Beans,Non-Perishable,75,60,2026-05-31,0.42
103,Somerville MA,Bakery,Bread,Perishable,161,155,2026-04-15,0.75
108,Medford MA,Pantry,Pasta,Non-Perishable,154,105,2026-12-12,0.89
110,Brookline MA,Dairy,Yogurt,Perishable,239,163,2026-04-12,0.86
104,Burlington MA,Pantry,Pasta,Non-Perishable,216,134,2027-01-20,0.93
105,Waltham MA,Snacks,Chips,Non-Perishable,154,86,2027-03-04,0.91
110,Brookline MA,Produce,Bananas,Perishable,240,150,2026-04-13,0.95
108,Medford MA,Meat,Chicken Breast,Perishable,129,154,2026-04-11,0.93
103,Somerville MA,Dairy,Yogurt,Perishable,119,107,2026-04-16,0.41
103,Somerville MA,Frozen,Ice Cream,Non-Perishable,260,173,2026-11-08,0.86
103,Somerville MA,Dairy,Milk,Perishable,274,158,2026-04-15,0.88
106,Newton MA,Produce,Lettuce,Perishable,234,197,2026-04-14,0.94
102,Cambridge MA,Meat,Chicken Breast,Perishable,285,186,2026-04-12,0.79
107,Lexington MA,Bakery,Muffins,Perishable,108,79,2026-04-17,0.91
109,Arlington MA,Bakery,Bread,Perishable,197,169,2026-04-15,0.75
105,Waltham MA,Dairy,Cheese,Perishable,344,192,2026-04-12,0.76
106,Newton MA,Dairy,Milk,Perishable,216,172,2026-04-16,0.73
107,Lexington MA,Bakery,Bagels,Perishable,114,91,2026-04-12,0.6
106,Newton MA,Beverages,Juice,Perishable,311,179,2026-04-15,0.75
107,Lexington MA,Beverages,Smoothies,Perishable,217,146,2026-04-19,0.76
102,Cambridge MA,Produce,Apples,Perishable,219,142,2026-04-17,0.73
103,Somerville MA,Beverages,Smoothies,Perishable,245,163,2026-04-16,0.72
105,Waltham MA,Produce,Lettuce,Perishable,265,152,2026-04-12,0.41
110,Brookline MA,Frozen,Ice Cream,Non-Perishable,141,171,2026-07-07,0.78
104,Burlington MA,Bakery,Bread,Perishable,89,71,2026-04-14,0.93
105,Waltham MA,Snacks,Crackers,Non-Perishable,273,190,2026-08-07,0.62
101,Boston MA,Snacks,Chips,Non-Perishable,171,125,2026-12-25,0.75
104,Burlington MA,Frozen,Frozen Pizza,Non-Perishable,130,85,2027-03-04,0.43
103,Somerville MA,Meat,Chicken Breast,Perishable,58,67,2026-04-11,0.73
103,Somerville MA,Snacks,Chips,Non-Perishable,183,175,2027-03-23,0.73
107,Lexington MA,Produce,Spinach,Perishable,184,104,2026-04-18,0.51
101,Boston MA,Frozen,Ice Cream,Non-Perishable,247,147,2026-07-21,0.95
107,Lexington MA,Pantry,Pasta,Non-Perishable,162,96,2027-01-03,0.73
104,Burlington MA,Produce,Bananas,Perishable,146,116,2026-04-15,0.43
108,Medford MA,Beverages,Juice,Perishable,90,79,2026-04-15,0.94
102,Cambridge MA,Snacks,Crackers,Non-Perishable,125,76,2026-05-20,0.83
108,Medford MA,Frozen,Ice Cream,Non-Perishable,131,130,2027-02-23,0.66
105,Waltham MA,Dairy,Milk,Perishable,116,109,2026-04-14,0.64
104,Burlington MA,Produce,Lettuce,Perishable,253,143,2026-04-19,0.93
108,Medford MA,Pantry,Canned Beans,Non-Perishable,80,99,2026-08-27,0.75
101,Boston MA,Meat,Chicken Breast,Perishable,156,152,2026-04-17,0.6
103,Somerville MA,Dairy,Cheese,Perishable,202,184,2026-04-14,0.52
106,Newton MA,Beverages,Smoothies,Perishable,246,145,2026-04-12,0.59
107,Lexington MA,Beverages,Juice,Perishable,332,186,2026-04-18,0.45
102,Cambridge MA,Snacks,Chips,Non-Perishable,307,189,2026-05-20,0.71
103,Somerville MA,Frozen,Frozen Pizza,Non-Perishable,148,155,2026-11-17,0.72
106,Newton MA,Snacks,Chips,Non-Perishable,176,187,2026-08-29,0.5
108,Medford MA,Beverages,Smoothies,Perishable,128,146,2026-04-17,0.94
103,Somerville MA,Beverages,Smoothies,Perishable,175,116,2026-04-15,0.63
107,Lexington MA,Pantry,Pasta,Non-Perishable,67,68,2026-08-06,0.72
110,Brookline MA,Dairy,Milk,Perishable,311,174,2026-04-11,0.87
107,Lexington MA,Snacks,Chips,Non-Perishable,62,74,2026-10-23,0.71
105,Waltham MA,Produce,Apples,Perishable,153,91,2026-04-14,0.41
109,Arlington MA,Snacks,Crackers,Non-Perishable,179,141,2026-11-26,0.67
109,Arlington MA,Dairy,Milk,Perishable,158,97,2026-04-17,0.46
110,Brookline MA,Pantry,Pasta,Non-Perishable,129,107,2027-02-28,0.65
106,Newton MA,Snacks,Chips,Non-Perishable,194,148,2026-12-24,0.68
102,Cambridge MA,Snacks,Crackers,Non-Perishable,187,136,2027-02-03,0.75
108,Medford MA,Dairy,Cheese,Perishable,338,191,2026-04-18,0.6
103,Somerville MA,Bakery,Muffins,Perishable,176,179,2026-04-13,0.52
104,Burlington MA,Meat,Ground Beef,Perishable,267,155,2026-04-18,0.71
101,Boston MA,Snacks,Chips,Non-Perishable,114,121,2026-12-01,0.54
107,Lexington MA,Frozen,Frozen Pizza,Non-Perishable,229,197,2026-11-12,0.59
104,Burlington MA,Bakery,Muffins,Perishable,194,118,2026-04-15,0.5
106,Newton MA,Snacks,Crackers,Non-Perishable,122,148,2027-02-20,0.52
101,Boston MA,Bakery,Bread,Perishable,150,143,2026-04-16,0.81
108,Medford MA,Snacks,Chips,Non-Perishable,173,104,2026-08-31,0.43
101,Boston MA,Meat,Chicken Breast,Perishable,133,140,2026-04-11,0.7
108,Medford MA,Produce,Apples,Perishable,83,76,2026-04-18,0.91
104,Burlington MA,Frozen,Frozen Pizza,Non-Perishable,293,168,2027-04-02,0.51
101,Boston MA,Meat,Ground Beef,Perishable,290,170,2026-04-17,0.4
101,Boston MA,Snacks,Crackers,Non-Perishable,106,75,2027-01-10,0.64
109,Arlington MA,Bakery,Bread,Perishable,160,89,2026-04-12,0.62
106,Newton MA,Meat,Ground Beef,Perishable,195,153,2026-04-15,0.82
109,Arlington MA,Dairy,Yogurt,Perishable,195,171,2026-04-18,0.52
106,Newton MA,Pantry,Canned Beans,Non-Perishable,217,167,2026-11-05,0.55
110,Brookline MA,Beverages,Juice,Perishable,143,116,2026-04-16,0.95
106,Newton MA,Snacks,Crackers,Non-Perishable,84,103,2026-08-15,0.52
104,Burlington MA,Beverages,Smoothies,Perishable,77,91,2026-04-11,0.83
102,Cambridge MA,Meat,Chicken Breast,Perishable,210,195,2026-04-11,0.74
110,Brookline MA,Frozen,Ice Cream,Non-Perishable,120,101,2026-09-25,0.71
103,Somerville MA,Frozen,Ice Cream,Non-Perishable,242,154,2026-12-16,0.87
107,Lexington MA,Dairy,Cheese,Perishable,136,115,2026-04-12,0.57
106,Newton MA,Bakery,Bread,Perishable,100,113,2026-04-11,0.53
110,Brookline MA,Frozen,Frozen Pizza,Non-Perishable,216,198,2026-10-05,0.93
101,Boston MA,Produce,Lettuce,Perishable,102,122,2026-04-17,0.55
106,Newton MA,Meat,Chicken Breast,Perishable,110,76,2026-04-18,0.57
105,Waltham MA,Produce,Spinach,Perishable,169,97,2026-04-13,0.68
103,Somerville MA,Dairy,Yogurt,Perishable,116,102,2026-04-14,0.77
110,Brookline MA,Dairy,Cheese,Perishable,188,164,2026-04-13,0.57
101,Boston MA,Beverages,Smoothies,Perishable,148,158,2026-04-18,0.64
104,Burlington MA,Snacks,Crackers,Non-Perishable,167,188,2027-03-09,0.86
109,Arlington MA,Pantry,Canned Beans,Non-Perishable,299,173,2026-09-23,0.53
109,Arlington MA,Snacks,Chips,Non-Perishable,144,135,2026-09-28,0.65
110,Brookline MA,Pantry,Pasta,Non-Perishable,92,93,2026-09-04,0.76
103,Somerville MA,Frozen,Ice Cream,Non-Perishable,123,85,2026-05-19,0.5
109,Arlington MA,Snacks,Crackers,Non-Perishable,58,64,2027-02-16,0.43
105,Waltham MA,Snacks,Crackers,Non-Perishable,93,74,2026-08-22,0.76
106,Newton MA,Pantry,Canned Beans,Non-Perishable,128,85,2026-09-26,0.9
